id,name,model_id:id,group_id:id,perm_read,perm_write,perm_create,perm_unlink
access_website_coupon_voucher,website_coupon_gift_voucher,model_gift_voucher,sales_team.group_sale_manager,1,1,1,1
access_website_coupon_coupon,website_coupon_gift_coupon,model_gift_coupon,sales_team.group_sale_manager,1,1,1,1
access_website_coupon_partner,website_coupon_partner_coupon,model_partner_coupon,sales_team.group_sale_manager,1,1,1,1
access_website_voucher_user1,website_coupon_voucher_usr1,model_gift_voucher,sales_team.group_sale_salesman_all_leads,1,0,0,0
access_website_coupon_usr1,website_gift_coupon_usr1,model_gift_coupon,sales_team.group_sale_salesman_all_leads,1,0,0,0
access_website_coupon_partner_usr1,website_coupon_partner_usr1,model_partner_coupon,sales_team.group_sale_salesman_all_leads,1,0,0,0
access_website_voucher_user2,website_coupon_voucher_usr2,model_gift_voucher,sales_team.group_sale_salesman,1,0,0,0
access_website_coupon_usr2,website_gift_coupon_usr2,model_gift_coupon,sales_team.group_sale_salesman,1,0,0,0
access_website_coupon_partner_usr2,website_coupon_partner_usr2,model_partner_coupon,sales_team.group_sale_salesman,1,0,0,0
