<?xml version="1.0" encoding="utf-8"?>
<!--
Copyright 2017 Simone Orsi
License LGPL-3.0 or later (http://www.gnu.org/licenses/lgpl.html).
-->

<odoo>

    <record model="ir.model.access" id="cms_form_access_name">
        <field name="name">cms.form access name</field>
        <field name="model_id" ref="model_cms_form"/>
        <field name="group_id" ref="base.group_user"/>
        <field name="perm_read" eval="1"/>
        <field name="perm_create" eval="0"/>
        <field name="perm_write" eval="0"/>
        <field name="perm_unlink" eval="0"/>
    </record>

</odoo>
