<?xml version="1.0" encoding="utf-8"?>
<odoo>
    <data>

    <record id="account_pymes_100" model="account.account.template">
        <field name="code">100</field>
        <field name="reconcile" eval="False"/>
        <field name="name">Capital social</field>
        <field name="user_type_id" ref="account.data_account_type_current_assets"/>
        <field name="chart_template_id" ref="account_chart_template_pymes"/>
        <field name="group_id" ref="l10n_es.account_group_100" />
    </record>
    <record id="account_pymes_1030" model="account.account.template">
        <field name="code">1030</field>
        <field name="reconcile" eval="False"/>
        <field name="name">Socios por desembolsos no exigidos, capital social</field>
        <field name="user_type_id" ref="account.data_account_type_current_assets"/>
        <field name="chart_template_id" ref="account_chart_template_pymes"/>
        <field name="group_id" ref="l10n_es.account_group_103" />
    </record>
    <record id="account_pymes_1034" model="account.account.template">
        <field name="code">1034</field>
        <field name="reconcile" eval="False"/>
        <field name="name">Socios por desembolsos no exigidos, capital pendiente de inscripción</field>
        <field name="user_type_id" ref="account.data_account_type_current_assets"/>
        <field name="chart_template_id" ref="account_chart_template_pymes"/>
        <field name="group_id" ref="l10n_es.account_group_103" />
    </record>
    <record id="account_pymes_1040" model="account.account.template">
        <field name="code">1040</field>
        <field name="reconcile" eval="False"/>
        <field name="name">Socios por aportaciones no dinerarias pendientes, capital social</field>
        <field name="user_type_id" ref="account.data_account_type_current_assets"/>
        <field name="chart_template_id" ref="account_chart_template_pymes"/>
        <field name="group_id" ref="l10n_es.account_group_104" />
    </record>
    <record id="account_pymes_1044" model="account.account.template">
        <field name="code">1044</field>
        <field name="reconcile" eval="False"/>
        <field name="name">Socios por aportaciones no dinerarias pendientes, capital pendiente de inscripción</field>
        <field name="user_type_id" ref="account.data_account_type_current_assets"/>
        <field name="chart_template_id" ref="account_chart_template_pymes"/>
        <field name="group_id" ref="l10n_es.account_group_104" />
    </record>
    <record id="account_pymes_120" model="account.account.template">
        <field name="code">120</field>
        <field name="reconcile" eval="False"/>
        <field name="name">Remanente</field>
        <field name="user_type_id" ref="account.data_account_type_current_assets"/>
        <field name="chart_template_id" ref="account_chart_template_pymes"/>
        <field name="group_id" ref="l10n_es.account_group_120" />
    </record>
    <record id="account_pymes_121" model="account.account.template">
        <field name="code">121</field>
        <field name="reconcile" eval="False"/>
        <field name="name">Resultados negativos de ejercicios anteriores</field>
        <field name="user_type_id" ref="account.data_account_type_current_assets"/>
        <field name="chart_template_id" ref="account_chart_template_pymes"/>
        <field name="group_id" ref="l10n_es.account_group_121" />
    </record>
    <record id="account_pymes_129" model="account.account.template">
        <field name="code">129</field>
        <field name="reconcile" eval="False"/>
        <field name="name">Resultado del ejercicio</field>
        <field name="user_type_id" ref="account.data_unaffected_earnings"/>
        <field name="chart_template_id" ref="account_chart_template_pymes"/>
        <field name="group_id" ref="l10n_es.account_group_129" />
    </record>
    <record id="account_pymes_130" model="account.account.template">
        <field name="code">130</field>
        <field name="reconcile" eval="False"/>
        <field name="name">Subvenciones oficiales de capital</field>
        <field name="user_type_id" ref="account.data_account_type_current_assets"/>
        <field name="chart_template_id" ref="account_chart_template_pymes"/>
        <field name="group_id" ref="l10n_es.account_group_130" />
    </record>
    <record id="account_pymes_132" model="account.account.template">
        <field name="code">132</field>
        <field name="reconcile" eval="False"/>
        <field name="name">Otras subvenciones, donaciones y legados</field>
        <field name="user_type_id" ref="account.data_account_type_current_assets"/>
        <field name="chart_template_id" ref="account_chart_template_pymes"/>
        <field name="group_id" ref="l10n_es.account_group_132" />
    </record>
    <record id="account_pymes_2403" model="account.account.template">
        <field name="code">2403</field>
        <field name="reconcile" eval="False"/>
        <field name="name">Participaciones en empresas del grupo</field>
        <field name="user_type_id" ref="account.data_account_type_fixed_assets"/>
        <field name="chart_template_id" ref="account_chart_template_pymes"/>
        <field name="group_id" ref="l10n_es.account_group_240" />
    </record>
    <record id="account_pymes_2404" model="account.account.template">
        <field name="code">2404</field>
        <field name="reconcile" eval="False"/>
        <field name="name">Participaciones en empresas asociadas</field>
        <field name="user_type_id" ref="account.data_account_type_fixed_assets"/>
        <field name="chart_template_id" ref="account_chart_template_pymes"/>
        <field name="group_id" ref="l10n_es.account_group_240" />
    </record>
    <record id="account_pymes_2405" model="account.account.template">
        <field name="code">2405</field>
        <field name="reconcile" eval="False"/>
        <field name="name">Participaciones en otras partes vinculadas</field>
        <field name="user_type_id" ref="account.data_account_type_fixed_assets"/>
        <field name="chart_template_id" ref="account_chart_template_pymes"/>
        <field name="group_id" ref="l10n_es.account_group_240" />
    </record>
    <record id="account_pymes_2493" model="account.account.template">
        <field name="code">2493</field>
        <field name="reconcile" eval="False"/>
        <field name="name">Desembolsos pendientes sobre participaciones en empresas del grupo</field>
        <field name="user_type_id" ref="account.data_account_type_fixed_assets"/>
        <field name="chart_template_id" ref="account_chart_template_pymes"/>
        <field name="group_id" ref="l10n_es.account_group_249" />
    </record>
    <record id="account_pymes_2494" model="account.account.template">
        <field name="code">2494</field>
        <field name="reconcile" eval="False"/>
        <field name="name">Desembolsos pendientes sobre participaciones en empresas asociadas</field>
        <field name="user_type_id" ref="account.data_account_type_fixed_assets"/>
        <field name="chart_template_id" ref="account_chart_template_pymes"/>
        <field name="group_id" ref="l10n_es.account_group_249" />
    </record>
    <record id="account_pymes_2495" model="account.account.template">
        <field name="code">2495</field>
        <field name="reconcile" eval="False"/>
        <field name="name">Desembolsos pendientes sobre participaciones en otras partes vinculadas</field>
        <field name="user_type_id" ref="account.data_account_type_fixed_assets"/>
        <field name="chart_template_id" ref="account_chart_template_pymes"/>
        <field name="group_id" ref="l10n_es.account_group_249" />
    </record>
    <record id="account_pymes_255" model="account.account.template">
        <field name="code">255</field>
        <field name="reconcile" eval="False"/>
        <field name="name">Activos por derivados financieros</field>
        <field name="user_type_id" ref="account.data_account_type_fixed_assets"/>
        <field name="chart_template_id" ref="account_chart_template_pymes"/>
        <field name="group_id" ref="l10n_es.account_group_255" />
    </record>
    <record id="account_pymes_2935" model="account.account.template">
        <field name="code">2935</field>
        <field name="reconcile" eval="False"/>
        <field name="name">Deterioro de valor de participaciones a largo plazo en otras partes vinculadas</field>
        <field name="user_type_id" ref="account.data_account_type_fixed_assets"/>
        <field name="chart_template_id" ref="account_chart_template_pymes"/>
        <field name="group_id" ref="l10n_es.account_group_293" />
    </record>
    <record id="account_pymes_296" model="account.account.template">
        <field name="code">296</field>
        <field name="reconcile" eval="False"/>
        <field name="name">Deterioro de  valor de participaciones en el patrimonio neto a largo plazo</field>
        <field name="user_type_id" ref="account.data_account_type_fixed_assets"/>
        <field name="chart_template_id" ref="account_chart_template_pymes"/>
        <field name="group_id" ref="l10n_es.account_group_296" />
    </record>
    <record id="pgc_pyme_490" model="account.account.template">
        <field name="code">490</field>
        <field name="reconcile" eval="False"/>
        <field name="name">Deterioro de valor de créditos por operaciones comerciales</field>
        <field name="user_type_id" ref="account.data_account_type_current_liabilities"/>
        <field name="chart_template_id" ref="account_chart_template_pymes"/>
        <field name="group_id" ref="l10n_es.account_group_490" />
    </record>
     <record id="pgc_pyme_551" model="account.account.template">
        <field name="code">551</field>
        <field name="reconcile" eval="False"/>
        <field name="name">Cuenta corriente con socios y administradores</field>
        <field name="user_type_id" ref="account.data_account_type_current_assets"/>
        <field name="chart_template_id" ref="account_chart_template_pymes"/>
        <field name="group_id" ref="l10n_es.account_group_551" />
    </record>
    <record id="account_pymes_5935" model="account.account.template">
        <field name="code">5935</field>
        <field name="reconcile" eval="False"/>
        <field name="name">Deterioro de valor de participaciones a corto plazo en otras partes vinculadas</field>
        <field name="user_type_id" ref="account.data_account_type_current_assets"/>
        <field name="chart_template_id" ref="account_chart_template_pymes"/>
        <field name="group_id" ref="l10n_es.account_group_593" />
    </record>
    <record id="account_pymes_596" model="account.account.template">
        <field name="code">596</field>
        <field name="reconcile" eval="False"/>
        <field name="name">Deterioro de valor de participaciones a corto plazo</field>
        <field name="user_type_id" ref="account.data_account_type_current_assets"/>
        <field name="chart_template_id" ref="account_chart_template_pymes"/>
        <field name="group_id" ref="l10n_es.account_group_596" />
    </record>
    <record id="account_pymes_650" model="account.account.template">
        <field name="code">650</field>
        <field name="reconcile" eval="False"/>
        <field name="name">Pérdidas de créditos comerciales incobrables</field>
        <field name="user_type_id" ref="account.data_account_type_expenses"/>
        <field name="chart_template_id" ref="account_chart_template_pymes"/>
        <field name="group_id" ref="l10n_es.account_group_650" />
    </record>
    <record id="account_pymes_6510" model="account.account.template">
        <field name="code">6510</field>
        <field name="reconcile" eval="False"/>
        <field name="name">Beneficio transferido (gestor)</field>
        <field name="user_type_id" ref="account.data_account_type_expenses"/>
        <field name="chart_template_id" ref="account_chart_template_pymes"/>
        <field name="group_id" ref="l10n_es.account_group_651" />
    </record>
    <record id="account_pymes_6511" model="account.account.template">
        <field name="code">6511</field>
        <field name="reconcile" eval="False"/>
        <field name="name">Pérdida soportada (partícipe o asociado no gestor)</field>
        <field name="user_type_id" ref="account.data_account_type_expenses"/>
        <field name="chart_template_id" ref="account_chart_template_pymes"/>
        <field name="group_id" ref="l10n_es.account_group_651" />
    </record>
    <record id="account_pymes_659" model="account.account.template">
        <field name="code">659</field>
        <field name="reconcile" eval="False"/>
        <field name="name">Otras pérdidas en gestión corriente</field>
        <field name="user_type_id" ref="account.data_account_type_expenses"/>
        <field name="chart_template_id" ref="account_chart_template_pymes"/>
        <field name="group_id" ref="l10n_es.account_group_659" />
    </record>
    <record id="account_pymes_663" model="account.account.template">
        <field name="code">663</field>
        <field name="reconcile" eval="False"/>
        <field name="name">Pérdidas por valoración de instrumentos financieros por su valor razonable</field>
        <field name="user_type_id" ref="account.data_account_type_expenses"/>
        <field name="chart_template_id" ref="account_chart_template_pymes"/>
        <field name="group_id" ref="l10n_es.account_group_663" />
    </record>
    <record id="account_pymes_671" model="account.account.template">
        <field name="code">671</field>
        <field name="reconcile" eval="False"/>
        <field name="name">Pérdidas procedentes del inmovilizado material</field>
        <field name="user_type_id" ref="account.data_account_type_expenses"/>
        <field name="chart_template_id" ref="account_chart_template_pymes"/>
        <field name="group_id" ref="l10n_es.account_group_671" />
    </record>
    <record id="account_pymes_691" model="account.account.template">
        <field name="code">691</field>
        <field name="reconcile" eval="False"/>
        <field name="name">Pérdidas por deterioro del inmovilizado material</field>
        <field name="user_type_id" ref="account.data_account_type_expenses"/>
        <field name="chart_template_id" ref="account_chart_template_pymes"/>
        <field name="group_id" ref="l10n_es.account_group_691" />
    </record>
    <record id="account_pymes_694" model="account.account.template">
        <field name="code">694</field>
        <field name="reconcile" eval="False"/>
        <field name="name">Pérdidas por deterioro de créditos por operaciones comerciales</field>
        <field name="user_type_id" ref="account.data_account_type_expenses"/>
        <field name="chart_template_id" ref="account_chart_template_pymes"/>
        <field name="group_id" ref="l10n_es.account_group_694" />
    </record>
    <record id="account_pymes_763" model="account.account.template">
        <field name="code">763</field>
        <field name="reconcile" eval="False"/>
        <field name="name">Beneficios por valoración de instrumentos financieros por su valor razonable</field>
        <field name="user_type_id" ref="account.data_account_type_revenue"/>
        <field name="chart_template_id" ref="account_chart_template_pymes"/>
        <field name="group_id" ref="l10n_es.account_group_763" />
    </record>
    <record id="account_pymes_791" model="account.account.template">
        <field name="code">791</field>
        <field name="reconcile" eval="False"/>
        <field name="name">Reversión del deterioro del inmovilizado material</field>
        <field name="user_type_id" ref="account.data_account_type_revenue"/>
        <field name="chart_template_id" ref="account_chart_template_pymes"/>
        <field name="group_id" ref="l10n_es.account_group_791" />
    </record>
    <record id="account_pymes_794" model="account.account.template">
        <field name="code">794</field>
        <field name="reconcile" eval="False"/>
        <field name="name">Reversión del deterioro de créditos por operaciones comerciales</field>
        <field name="user_type_id" ref="account.data_account_type_revenue"/>
        <field name="chart_template_id" ref="account_chart_template_pymes"/>
        <field name="group_id" ref="l10n_es.account_group_794" />
    </record>
    <record id="account_pymes_7962" model="account.account.template">
        <field name="code">7962</field>
        <field name="reconcile" eval="False"/>
        <field name="name">Reversión del deterioro de participaciones en instrumentos de patrimonio neto a largo plazo, otras partes vinculadas</field>
        <field name="user_type_id" ref="account.data_account_type_revenue"/>
        <field name="chart_template_id" ref="account_chart_template_pymes"/>
        <field name="group_id" ref="l10n_es.account_group_796" />
    </record>
    <record id="account_pymes_7963" model="account.account.template">
        <field name="code">7963</field>
        <field name="reconcile" eval="False"/>
        <field name="name">Reversión del deterioro de participaciones en instrumentos de patrimonio neto a largo plazo, otras empresas</field>
        <field name="user_type_id" ref="account.data_account_type_revenue"/>
        <field name="chart_template_id" ref="account_chart_template_pymes"/>
        <field name="group_id" ref="l10n_es.account_group_796" />
    </record>

    </data>
</odoo>
